Civilité;Nom;Prénom;Email;Identifiant;MDP;Actif
M.;Bennett;Aaron;kakdup@jumfaer.vn;moratu;*5k$wX$o26$o6KV1[W2;0
Mme;Phillips;Albert;lefo@des.bo;inohew;mx5I*1rTy6s7MMgmfB);1
M.;Kelley;Eva;napisted@ahufodeb.ug;roukuhu;q7oQw9dnJLiPMP9y;0
Mme;Jimenez;Ophelia;ca@lokmac.ai;de;KKF)948k7&g;1
Mme;Underwood;Brian;johkalu@koavi.is;zi;uGZh5]SJhHWeZQ(uMZ;0
Mme;Gonzales;Gerald;gujna@wava.cd;ud;Y8J*3RA;0
M.;Hicks;Ralph;esvinac@mu.dk;nu;Alk7t;1
Mme;Lyons;Bernard;mebuwdi@nuiwta.mu;cefeg;JP[r62]2JgYvOP[lR;0
Mme;Edwards;Loretta;dodijuv@lu.ug;cik;k[7idC!E5zD42dfFrwYw;1
Mme;Young;Melvin;li@oc.nl;bumav;O&pW($7wKO;1
Mme;Harrison;Alan;jakwis@usbigmaz.gi;amfasu;&S$x2gx*cn#6U03nja;1
M.;Lawson;Gary;apika@newhi.net;uva;2Xcdbt19H(xSInPQ1;1
Mme;Edwards;Rena;tetaw@ivo.ye;uwzoh;v(R#pslAu4zX^;1
M.;Scott;Anthony;itoseju@sesle.tv;huzupor;CoM^rSB;1
M.;Leonard;Inez;uke@he.ug;koan;AnFzM7)XMwD5ln;1
Mme;Lambert;Elizabeth;it@ir.iq;malbun;91EpRFpdj;1
Mme;Lambert;Elizabeth;it@ir.iq;malbun;91EpRFpdj;1
M.;Leonard;Inez;uke@he.ug;koan;AnFzM7)XMwD5ln;1
Mme;Edwards;Rena;tetaw@ivo.ye;uwzoh;v(R#pslAu4zX^;1
